City_ID,City,Cloudiness,Country,Date,Humidity,Lat,Lng,Max Temp,Wind Speed
0,los llanos de aridane,0,ES,1536087600,69,28.66,-17.92,75.2,11.41
1,saint-francois,0,FR,1536085800,46,46.42,3.91,71.6,3.36
2,avarua,40,CK,1536084000,69,-21.21,-159.78,73.4,10.29
3,georgetown,40,GY,1536087600,78,6.8,-58.16,80.6,4.7
4,geraldton,90,CA,1536084000,42,49.72,-86.95,68.0,11.41
5,port alfred,0,ZA,1536088607,72,-33.59,26.89,70.39,15.03
6,eureka,1,US,1536087300,80,40.8,-124.16,64.4,5.82
7,punta arenas,20,CL,1536087600,60,-53.16,-70.91,39.2,29.97
8,rio gallegos,40,AR,1536087600,30,-51.62,-69.22,42.8,31.09
9,atuona,48,PF,1536088608,100,-9.8,-139.03,79.48,15.82
10,tongling,8,CN,1536089118,87,30.93,117.81,69.4,2.62
11,warman,40,CA,1536084000,55,52.32,-106.58,51.8,14.99
12,rikitea,0,PF,1536088596,100,-23.12,-134.97,70.93,27.34
13,helena,1,US,1536083580,40,46.59,-112.04,60.98,3.36
14,hobart,75,AU,1536087600,87,-42.88,147.33,42.8,8.05
15,tiksi,32,RU,1536088604,82,71.64,128.87,38.17,21.07
16,ushuaia,75,AR,1536087600,84,-54.81,-68.31,35.6,26.4
17,okhotsk,92,RU,1536089119,100,59.36,143.24,56.08,6.2
18,umm lajj,92,SA,1536088655,84,25.02,37.27,88.03,6.98
19,clyde river,20,CA,1536084000,81,70.47,-68.59,46.4,9.17
20,half moon bay,90,US,1536087600,87,37.46,-122.43,77.0,8.05
21,mataura,0,NZ,1536088597,77,-46.19,168.86,25.66,2.84
22,hobyo,0,SO,1536088701,85,5.35,48.53,75.52,14.47
23,busselton,56,AU,1536088485,100,-33.64,115.35,54.91,27.89
24,hithadhoo,32,MV,1536088605,100,-0.6,73.08,82.81,1.83
25,taloqan,76,AF,1536089120,72,36.74,69.54,48.7,2.17
26,bredasdorp,88,ZA,1536084000,55,-34.53,20.04,60.8,4.7
27,balakhninskiy,36,RU,1536089120,79,58.01,114.28,35.2,2.28
28,mayor pablo lagerenza,0,PY,1536089120,50,-19.93,-60.77,78.94,8.55
29,vanavara,24,RU,1536089121,88,60.35,102.28,41.77,2.51
30,altay,0,CN,1536089121,69,47.83,88.13,25.03,2.73
31,pevek,76,RU,1536088623,100,69.7,170.27,37.0,2.95
32,filingue,32,NE,1536089121,67,14.35,3.32,85.78,8.1
33,khatanga,88,RU,1536088621,94,71.98,102.47,45.28,22.19
34,lata,68,IN,1536088699,100,30.78,78.62,59.23,1.72
35,seryshevo,32,RU,1536089121,96,51.09,128.38,57.34,10.11
36,cape town,90,ZA,1536085800,87,-33.93,18.42,53.6,9.17
37,bhayavadar,56,IN,1536089122,92,21.39,70.99,75.25,8.66
38,barrow,0,AR,1536088621,35,-38.31,-60.23,73.18,18.39
39,touros,0,BR,1536088645,63,-5.2,-35.46,83.8,17.72
40,butaritari,0,KI,1536088617,100,3.07,172.79,83.8,4.41
41,luderitz,0,NA,1536088637,91,-26.65,15.16,52.84,2.39
42,saint-augustin,0,FR,1536087600,56,44.83,-0.61,73.4,6.93
43,columbia,75,US,1536087300,55,38.95,-92.33,89.96,16.11
44,kodiak,40,US,1536083580,69,39.95,-94.76,84.02,17.22
45,turukhansk,92,RU,1536089066,92,65.8,87.96,50.95,18.72
46,thompson,75,CA,1536084000,76,55.74,-97.86,55.4,13.87
47,port lincoln,32,AU,1536088628,83,-34.72,135.86,55.9,20.74
48,arraial do cabo,75,BR,1536087600,68,-22.97,-42.02,71.6,16.11
49,provideniya,92,RU,1536088601,92,64.42,-173.23,48.43,16.49
50,victoria,90,BN,1536087600,88,5.28,115.24,77.0,2.24
51,lagoa,75,PT,1536085800,73,37.14,-8.45,73.4,9.17
52,albany,1,US,1536087240,51,42.65,-73.75,84.92,8.05
53,alice springs,0,AU,1536087600,32,-23.7,133.88,51.8,6.93
54,kavaratti,36,IN,1536089124,99,10.57,72.64,81.91,10.67
55,nelipyno,88,UA,1536084000,82,48.56,23.03,68.0,2.17
56,bambous virieux,40,MU,1536084000,78,-20.34,57.76,71.6,13.87
57,yellowknife,75,CA,1536084000,57,62.45,-114.38,51.8,12.75
58,chokurdakh,80,RU,1536088619,88,70.62,147.9,36.46,10.67
59,mahebourg,40,MU,1536084000,78,-20.41,57.7,71.6,13.87
60,kruisfontein,24,ZA,1536088639,94,-34.0,24.73,61.66,10.45
61,alofi,40,NU,1536084000,94,-19.06,-169.92,71.6,8.05
62,sabang,68,PH,1536089125,100,13.72,123.58,75.61,4.74
63,blythe,1,US,1536087120,16,33.61,-114.59,96.08,6.93
64,ahipara,8,NZ,1536088616,100,-35.17,173.16,49.06,11.01
65,yulara,75,AU,1536087600,25,-25.24,130.99,64.4,10.29
66,svetlogorsk,0,RU,1536085800,66,53.14,59.15,48.2,6.71
67,qandala,0,SO,1536089126,72,11.47,49.87,79.66,0.16
68,baglung,20,NP,1536089126,91,28.27,83.59,58.06,1.72
69,kulhudhuffushi,8,MV,1536088645,97,6.62,73.07,84.07,9.33
70,merauke,12,ID,1536088686,98,-8.49,140.4,73.36,11.79
71,airai,0,TL,1536088632,89,-8.93,125.41,62.38,1.95
72,henties bay,0,NA,1536089126,96,-22.12,14.28,56.17,10.67
73,ribeira grande,20,PT,1536085800,60,38.52,-28.7,75.2,14.99
74,hermanus,76,ZA,1536088608,83,-34.42,19.24,53.56,9.78
75,batagay-alyta,0,RU,1536088631,71,67.8,130.41,18.01,2.84
76,lerwick,0,GB,1536087000,71,60.15,-1.15,50.0,10.29
77,mar del plata,0,AR,1536088614,36,-46.43,-67.52,56.35,11.9
78,cidreira,36,BR,1536088605,83,-30.17,-50.22,62.38,13.24
79,tiarei,20,PF,1536087600,57,-17.53,-149.33,80.6,4.7
80,cayenne,24,GF,1536087600,62,4.94,-52.33,87.8,11.41
81,kahului,40,US,1536087360,82,20.89,-156.47,84.02,18.34
82,siocon,48,PH,1536089128,100,11.03,124.04,81.91,13.69
83,puerto leguizamo,88,CO,1536089128,97,-0.19,-74.78,73.9,3.18
84,iquique,0,CL,1536087600,63,-20.22,-70.14,64.4,9.17
85,flinders,90,AU,1536084000,100,-34.58,150.85,48.2,1.12
86,castro,56,CL,1536088597,89,-42.48,-73.76,53.92,5.3
87,narsaq,90,GL,1536087000,32,60.91,-46.05,55.4,17.22
88,vitim,0,RU,1536089129,86,59.44,112.57,36.46,3.51
89,yumen,0,CN,1536088648,51,40.29,97.04,54.46,6.98
90,general nakar,80,PH,1536089129,100,14.76,121.64,79.21,6.87
91,kalmunai,32,LK,1536089129,100,7.42,81.82,73.54,3.62
92,lufilufi,76,WS,1536089129,100,-13.87,-171.6,82.18,21.63
93,labuan,90,BN,1536087600,88,5.28,115.24,77.0,2.24
94,hilo,1,US,1536087360,55,19.71,-155.08,80.06,9.17
95,banikoara,48,BJ,1536089130,90,11.3,2.44,74.89,8.32
96,ilulissat,20,GL,1536087000,64,69.22,-51.1,39.2,10.29
97,hasaki,75,JP,1536085800,74,35.73,140.83,82.4,14.99
98,bilma,8,NE,1536089130,27,18.69,12.92,89.74,1.16
99,zhezkazgan,56,KZ,1536088620,65,47.8,67.71,54.91,13.35
100,jamestown,0,AU,1536088635,52,-33.21,138.6,38.89,10.0
101,porto walter,8,BR,1536089131,37,-8.27,-72.74,89.92,5.53
102,anadyr,0,RU,1536084000,87,64.73,177.51,48.2,8.95
103,timmins,90,CA,1536084000,64,48.48,-81.33,69.8,8.05
104,bukama,32,CD,1536089131,59,-9.2,25.85,79.93,2.51
105,san cristobal,40,EC,1536087600,62,-0.39,-78.55,59.0,20.8
106,ancud,44,CL,1536088633,81,-41.87,-73.83,54.64,5.3
107,east london,0,ZA,1536084000,88,-33.02,27.91,62.6,6.93
108,norman wells,40,CA,1536087300,80,65.28,-126.83,39.2,16.11
109,sitka,8,US,1536088637,77,37.17,-99.65,81.1,7.99
110,praia da vitoria,75,PT,1536087600,83,38.73,-27.07,71.6,12.68
111,new norfolk,75,AU,1536087600,87,-42.78,147.06,42.8,8.05
112,saint george,0,GR,1536083400,65,39.45,22.34,77.0,2.24
113,carnarvon,0,ZA,1536088629,25,-30.97,22.13,54.82,13.69
114,ponta do sol,0,BR,1536088646,43,-20.63,-46.0,70.93,12.24
115,sagarejo,0,GE,1536087600,60,41.73,45.33,68.0,4.7
116,pampierstad,0,ZA,1536089132,20,-27.78,24.69,66.52,10.33
117,kathu,0,ZA,1536089133,16,-27.7,23.05,68.5,12.46
118,qaanaaq,76,GL,1536088658,100,77.48,-69.36,32.5,11.01
119,bluff,44,AU,1536088613,87,-23.58,149.07,59.5,12.24
120,muros,20,ES,1536087600,88,42.77,-9.06,66.2,6.93
121,alihe,92,CN,1536089133,99,50.57,123.73,53.65,6.42
122,wageningen,90,NL,1536087300,100,51.98,5.66,73.4,6.31
123,banjarmasin,32,ID,1536089134,96,-3.32,114.59,76.87,5.19
124,nikolskoye,75,RU,1536085800,88,59.7,30.79,64.4,8.95
125,quatre cocos,40,MU,1536084000,78,-20.21,57.76,71.6,13.87
126,namatanai,64,PG,1536088607,100,-3.66,152.44,81.1,8.32
127,lamar,1,US,1536087180,49,38.09,-102.62,80.96,3.36
128,yar-sale,48,RU,1536088681,89,66.83,70.83,57.34,15.7
129,andros town,75,BS,1536087600,62,24.73,-77.79,87.8,13.87
130,ati,24,TD,1536089135,53,13.21,18.34,86.14,8.88
131,awjilah,0,LY,1536088643,27,29.14,21.3,90.28,7.54
132,coquimbo,90,CL,1536087600,76,-29.95,-71.34,57.2,9.17
133,kaitangata,8,NZ,1536088640,71,-46.28,169.85,29.71,5.75
134,tasiilaq,75,GL,1536083400,97,65.61,-37.64,44.6,3.36
135,kenai,1,US,1536087360,66,60.55,-151.26,55.94,6.93
136,puerto ayora,75,EC,1536087600,57,-0.74,-90.35,80.6,17.22
137,dire,92,ET,1536089135,100,9.18,38.92,52.48,2.95
138,klaksvik,92,FO,1536087000,100,62.23,-6.59,50.0,13.87
139,broome,40,GB,1536087360,82,52.47,1.45,59.36,5.82
140,cotonou,80,BJ,1536089136,86,6.37,2.43,78.31,6.98
141,cockburn town,48,TC,1536089136,98,21.46,-71.14,82.81,16.71
142,soyo,8,AO,1536089136,70,-6.13,12.37,75.7,7.09
143,jhudo,0,PK,1536089137,58,24.96,69.3,82.36,14.14
144,balabac,88,PH,1536089137,100,7.99,117.06,84.25,19.28
145,kralendijk,40,BQ,1536087300,70,12.15,-68.27,87.8,12.75
146,kropotkin,0,RU,1536089137,48,45.43,40.58,76.6,14.25
147,nanortalik,92,GL,1536088615,100,60.14,-45.24,38.8,23.31
148,katsuura,100,JP,1536088676,100,33.93,134.5,72.91,4.52
149,homer,1,US,1536087180,77,59.64,-151.54,55.04,4.7
150,krotovka,0,RU,1536089138,66,53.29,51.17,58.6,7.65
151,vaini,92,IN,1536088599,99,15.34,74.49,70.3,4.74
152,anapskaya,0,RU,1536085800,56,44.9,37.38,71.6,6.71
153,saldanha,0,PT,1536088651,52,41.42,-6.55,75.16,2.62
154,alta floresta,0,BR,1536089138,27,-9.87,-56.08,90.82,3.18
155,port elizabeth,20,US,1536087360,57,39.31,-74.98,95.0,4.07
156,mweka,48,CD,1536089138,68,-4.85,21.56,79.75,2.73
157,prince rupert,1,CA,1536084000,87,54.32,-130.32,57.2,2.24
158,champerico,40,MX,1536086640,62,16.38,-93.6,86.0,8.05
159,kondinskoye,0,RU,1536089139,87,59.65,67.41,47.53,2.95
160,dinguiraye,12,GN,1536089139,72,11.29,-10.71,82.0,7.43
161,samana,75,EC,1536087600,78,0.12,-76.97,80.6,4.7
162,pisco,90,PE,1536087600,30,-13.71,-76.2,71.6,6.93
163,dikson,88,RU,1536088604,100,73.51,80.55,41.14,34.16
164,lebu,92,ET,1536088615,100,8.96,38.73,52.48,2.95
165,lavrentiya,20,RU,1536088669,86,65.58,-170.99,48.7,14.7
166,kapaa,90,US,1536087360,87,22.08,-159.32,80.96,14.99
167,pavlohrad,0,UA,1536087600,28,48.53,35.87,73.4,11.18
168,ulaangom,32,MN,1536089140,72,49.98,92.07,28.9,1.39
169,virginia beach,1,US,1536088200,66,36.85,-75.98,91.4,7.09
170,iaciara,8,BR,1536089140,28,-14.1,-46.63,93.61,5.3
171,byron bay,75,AU,1536087600,76,-28.65,153.62,57.2,10.29
172,la ronge,75,CA,1536084000,65,55.1,-105.3,46.4,14.99
173,jaciara,0,BR,1536089141,43,-15.95,-54.98,79.66,9.1
174,fort nelson,40,CA,1536084000,57,58.81,-122.69,51.8,8.05
175,takoradi,88,GH,1536089141,95,4.89,-1.75,77.77,9.44
176,ilhabela,92,BR,1536089141,100,-23.78,-45.36,64.72,27.67
177,tuktoyaktuk,90,CA,1536086940,86,69.44,-133.03,33.8,13.87
178,xining,92,CN,1536088897,92,36.62,101.77,51.04,2.62
179,mubi,20,NG,1536088667,79,10.27,13.26,75.43,2.28
180,telimele,92,GN,1536089142,90,10.9,-13.03,76.15,5.19
181,faanui,44,PF,1536088659,100,-16.48,-151.75,77.14,22.3
182,nyagan,20,RU,1536089142,89,62.14,65.43,53.74,4.07
183,upernavik,0,GL,1536088631,100,72.79,-56.15,37.81,12.24
184,te anau,0,NZ,1536089142,78,-45.41,167.72,23.95,2.06
185,oistins,20,BB,1536087600,66,13.07,-59.53,86.0,14.99
186,pecanha,56,BR,1536089143,40,-18.55,-42.56,80.65,4.97
187,emilio carranza,12,MX,1536089143,65,19.97,-96.61,85.51,3.51
188,north platte,90,US,1536083580,73,41.12,-100.77,75.92,4.7
189,isangel,80,VU,1536088620,100,-19.55,169.27,72.1,18.05
190,san carlos de bariloche,0,AR,1536087600,41,-41.13,-71.31,60.8,14.99
191,lima,0,PE,1536088917,67,-12.06,-77.04,68.23,2.62
192,gizo,0,IL,1536087000,74,31.8,34.94,82.4,3.36
193,garni,32,AM,1536085800,36,40.12,44.73,77.0,12.75
194,the pas,90,CA,1536085500,71,53.82,-101.24,51.8,21.92
195,igurubi,0,TZ,1536089144,41,-4.0,33.71,75.79,9.22
196,nouadhibou,8,MR,1536088705,54,20.93,-17.03,85.69,11.01
197,shu,0,KZ,1536089145,38,43.6,73.76,57.97,16.15
198,kloulklubed,75,PW,1536083400,88,7.04,134.26,78.8,8.05
199,berlevag,75,NO,1536087000,87,70.86,29.09,48.2,12.75
200,dunedin,32,NZ,1536088698,88,-45.87,170.5,27.73,3.51
201,aksaray,0,TR,1536087000,24,38.37,34.03,71.6,9.17
202,havre-saint-pierre,20,CA,1536084000,59,50.23,-63.6,62.6,20.8
203,erdaojiang,100,CN,1536088695,92,41.78,126.03,58.69,5.97
204,hanzhong,88,CN,1536088659,74,33.08,107.03,74.08,2.39
205,rafaela,0,AR,1536088711,59,-31.25,-61.49,71.2,10.78
206,bhagalpur,56,IN,1536089146,95,25.25,86.98,77.23,2.73
207,aksha,0,RU,1536089146,85,50.28,113.29,42.58,2.62
208,kieta,24,PG,1536088650,100,-6.22,155.63,76.42,3.4
209,atar,8,MR,1536089147,35,20.52,-13.05,96.58,4.29
210,hannibal,40,US,1536087300,48,39.71,-91.36,91.22,12.75
211,ossora,92,RU,1536089147,100,59.24,163.07,51.58,3.96
212,myre,40,SE,1536087000,87,62.25,17.37,59.0,3.36
213,krasnyy chikoy,92,RU,1536089147,99,50.36,108.75,47.53,4.41
214,bonavista,92,CA,1536088667,78,48.65,-53.11,66.34,19.51
215,xifeng,8,CN,1536089148,78,42.73,124.72,61.75,8.21
216,fairbanks,90,US,1536087480,91,64.84,-147.72,48.38,10.29
217,buala,56,SB,1536089148,98,-8.15,159.59,79.48,5.19
218,maniitsoq,0,GL,1536088618,95,65.42,-52.9,43.48,6.76
219,borba,0,PT,1536087600,41,38.81,-7.46,78.8,6.93
220,houma,88,CN,1536089206,68,35.63,111.36,65.53,2.17
221,aba,92,NG,1536089149,98,5.11,7.36,73.9,3.96
222,luganville,92,VU,1536089149,100,-15.51,167.18,72.73,6.2
223,makakilo city,40,US,1536087420,67,21.35,-158.09,84.92,10.29
224,mirnyy,32,RU,1536089150,67,56.57,36.46,65.08,8.99
225,antalaha,68,MG,1536089150,96,-14.9,50.28,70.84,10.89
226,vao,68,EE,1536089100,92,59.1,26.19,62.38,5.97
227,hofn,100,IS,1536088438,99,64.25,-15.21,49.42,8.88
228,katherine,0,AU,1536087600,67,-14.47,132.26,62.6,10.22
229,owando,20,CG,1536089150,76,-0.49,15.91,79.84,3.85
230,sarmanovo,0,RU,1536085800,71,55.25,52.59,57.2,11.18
231,lhokseumawe,56,ID,1536089151,100,5.18,97.15,78.31,1.95
232,asyut,0,EG,1536084000,38,27.18,31.19,91.4,11.41
233,sao joao da barra,75,BR,1536087600,69,-21.64,-41.05,73.4,16.11
234,chachapoyas,48,PE,1536089151,68,-6.23,-77.87,67.51,5.75
235,poum,20,MK,1536087600,63,41.28,20.71,62.6,4.7
236,beringovskiy,76,RU,1536089152,96,63.05,179.32,50.41,13.58
237,sydney,20,AU,1536087600,87,-33.85,151.22,50.0,5.82
238,itarema,0,BR,1536088656,54,-2.92,-39.92,88.3,18.39
239,coihaique,75,CL,1536087600,46,-45.58,-72.07,51.8,6.93
240,ixtapa,75,MX,1536086520,84,20.71,-105.21,86.0,10.29
241,margate,75,AU,1536087600,87,-43.03,147.26,42.8,8.05
242,teguise,20,ES,1536087600,69,29.06,-13.56,75.2,16.11
243,phatthalung,92,TH,1536089153,91,7.62,100.08,77.23,7.31
244,ust-kut,12,RU,1536089153,81,56.78,105.75,39.25,3.96
245,ucluelet,40,CA,1536084000,77,48.94,-125.55,60.8,4.7
246,acajutla,20,SV,1536087000,63,13.59,-89.83,91.4,9.17
247,acapulco,75,MX,1536086640,79,16.86,-99.88,86.0,4.7
248,bubaque,92,GW,1536088686,100,11.28,-15.83,79.84,18.28
249,naze,92,NG,1536089154,98,5.43,7.07,73.9,3.96
250,vinh,0,VN,1536089154,86,18.67,105.69,77.41,4.29
251,saint-junien,0,FR,1536087600,52,45.89,0.9,73.4,8.05
252,carutapera,12,BR,1536089155,69,-1.2,-46.02,86.68,12.46
253,santa maria,40,BR,1536084000,59,-29.69,-53.81,64.4,5.82
254,boffa,76,GN,1536089156,89,10.18,-14.04,78.49,8.88
255,padang,64,ID,1536088663,100,-0.92,100.36,78.31,6.64
256,saint-philippe,1,CA,1536086100,44,45.36,-73.48,78.8,3.36
257,port blair,92,IN,1536088713,98,11.67,92.75,81.91,20.51
258,tura,56,IN,1536089156,91,25.52,90.21,78.58,4.74
259,aswan,0,EG,1536084000,12,24.09,32.9,105.8,6.93
260,sao filipe,76,CV,1536088709,94,14.9,-24.5,79.84,15.03
261,trairi,0,BR,1536089157,100,-3.28,-39.27,79.03,21.07
262,bowen,75,AU,1536084000,100,-20.01,148.25,64.4,5.82
263,bethel,90,US,1536087180,83,60.79,-161.76,48.92,6.93
264,flin flon,90,CA,1536084000,71,54.77,-101.88,50.0,17.22
265,aksarka,32,RU,1536088615,76,66.56,67.8,56.44,12.46
266,morogoro,40,TZ,1536087600,78,-6.82,37.67,73.4,5.82
267,tete,0,MZ,1536089158,33,-16.16,33.59,83.17,7.43
268,aasiaat,8,GL,1536089158,96,68.71,-52.87,41.41,5.19
269,iskateley,100,RU,1536088630,81,67.68,53.15,59.41,12.01
270,bahir dar,88,ET,1536089158,96,11.59,37.39,57.61,3.06
271,buraydah,40,SA,1536084000,23,26.33,43.97,98.6,2.24
272,ambon,0,FR,1536085800,53,47.55,-2.56,71.6,8.05
273,constitucion,75,MX,1536086700,53,23.99,-104.67,73.4,2.24
274,port-cartier,40,CA,1536084000,37,50.03,-66.88,69.8,21.92
275,thinadhoo,12,MV,1536088634,100,0.53,72.93,83.53,4.52
276,namibe,92,AO,1536089159,97,-15.19,12.15,65.44,12.12
277,gravelbourg,0,CA,1536089159,55,49.88,-106.56,55.81,9.44
278,tuatapere,0,NZ,1536088701,100,-46.13,167.69,39.16,1.95
279,praia,0,BR,1536084000,28,-20.25,-43.81,80.6,9.17
280,severo-kurilsk,20,RU,1536088600,100,50.68,156.12,47.35,5.64
281,souillac,0,FR,1536085800,44,45.6,-0.6,77.0,10.29
282,jalu,0,LY,1536089160,29,29.03,21.55,88.75,7.43
283,gat,75,SN,1536084000,74,14.69,-16.54,87.8,12.68
284,sena madureira,8,BR,1536089160,31,-9.07,-68.66,86.68,6.42
285,chuy,0,UY,1536088622,95,-33.69,-53.46,60.85,8.77
286,gold coast,75,AU,1536087600,76,-28.0,153.41,57.2,10.29
287,inhambane,40,MZ,1536084000,94,-23.87,35.38,77.0,9.17
288,hambantota,32,LK,1536088649,95,6.12,81.12,81.1,11.45
289,le mars,90,US,1536088500,100,42.79,-96.17,71.06,9.17
290,lakes entrance,0,AU,1536088942,94,-37.88,147.99,46.63,7.76
291,khatima,64,IN,1536089161,95,28.92,79.97,77.41,2.73
292,hovd,75,NO,1536087000,93,63.83,10.7,53.6,3.36
293,chapleau,90,CA,1536087300,88,47.85,-83.4,62.6,6.93
294,monrovia,92,LR,1536089161,100,6.33,-10.8,74.08,4.18
295,le port,24,FR,1536089162,88,42.87,1.37,57.61,1.28
296,bandarbeyla,12,SO,1536088698,82,9.49,50.81,72.1,23.87
297,nehe,80,CN,1536089162,98,48.48,124.88,59.5,11.45
298,kavieng,56,PG,1536088660,100,-2.57,150.8,82.18,6.42
299,methoni,0,GR,1536087000,61,36.82,21.7,77.0,6.93
300,qingdao,0,CN,1536084000,82,36.09,120.35,68.0,2.24
301,nome,1,US,1536086100,69,30.04,-94.42,86.18,10.29
302,mandera,20,ET,1536089163,41,3.94,41.86,86.68,12.8
303,guerrero negro,0,MX,1536088607,58,27.97,-114.04,80.38,5.41
304,brea,75,US,1536087840,64,33.92,-117.89,82.94,4.7
305,esperance,20,TT,1536087600,70,10.24,-61.45,87.8,9.17
306,talnakh,92,RU,1536088607,94,69.49,88.39,43.03,22.75
307,morwa,8,IN,1536089164,95,22.9,73.84,74.17,9.44
308,melukote,44,IN,1536089164,84,12.66,76.65,70.03,7.99
309,marzuq,0,YE,1536088623,45,14.4,46.47,71.56,3.96
310,lompoc,90,US,1536087840,78,34.64,-120.46,73.4,5.82
311,carbonia,0,IT,1536087000,73,39.17,8.53,78.8,6.93
312,samut sakhon,75,TH,1536087600,83,13.55,100.27,78.8,4.7
313,scottsbluff,75,US,1536088320,58,41.87,-103.67,75.92,10.29
314,sabha,0,LY,1536088703,17,27.03,14.43,90.28,11.56
315,uyuni,12,BO,1536089165,24,-20.46,-66.82,60.22,3.96
316,dingle,92,PH,1536088354,100,11.0,122.67,74.08,8.77
317,saskylakh,76,RU,1536088604,77,71.97,114.09,41.86,21.41
318,kargopol,24,RU,1536089165,88,61.51,38.95,58.96,7.2
319,dzerzhinsk,20,RU,1536085800,82,56.24,43.46,62.6,6.71
320,bintulu,75,MY,1536087600,100,3.17,113.03,75.2,2.24
321,fortuna,20,ES,1536087600,83,38.18,-1.13,84.2,8.05
322,omboue,0,GA,1536089166,100,-1.57,9.26,75.88,13.24
323,gamba,48,CN,1536088642,82,28.28,88.52,29.8,2.39
324,abeche,0,TD,1536089166,71,13.83,20.83,79.3,4.18
325,srednekolymsk,0,RU,1536088696,95,67.46,153.71,34.93,2.39
326,conde,0,BR,1536089166,65,-11.81,-37.61,83.08,11.79
327,tiznit,0,MA,1536089167,82,29.7,-9.73,73.63,5.41
328,paracuru,0,BR,1536087600,69,-3.41,-39.03,82.4,14.99
329,pak phanang,92,TH,1536089167,100,8.35,100.2,79.03,8.32
330,lixourion,0,GR,1536087000,65,38.2,20.43,80.6,16.11
331,mitsamiouli,20,KM,1536084000,78,-11.38,43.28,77.0,4.7
332,cilegon,40,ID,1536087600,65,-6.02,106.05,78.8,4.7
333,grand gaube,40,MU,1536084000,78,-20.01,57.66,71.6,13.87
334,palmer,1,US,1536087360,77,61.6,-149.11,59.0,2.73
335,turayf,0,SA,1536084000,23,31.68,38.65,87.8,4.7
336,sorland,40,NO,1536085200,87,67.67,12.69,51.8,3.36
337,baruun-urt,64,MN,1536089169,76,46.68,113.28,49.06,7.2
338,amahai,68,ID,1536089169,100,-3.31,129.0,77.41,1.05
339,jaboatao,75,BR,1536087600,69,-8.18,-35.0,78.8,8.05
340,batemans bay,48,AU,1536089169,100,-35.71,150.18,48.88,3.06
341,sorong,44,ID,1536089170,100,-0.86,131.25,77.86,6.87
342,vestmannaeyjar,40,IS,1536084000,81,63.44,-20.27,48.2,17.22
343,aklavik,40,CA,1536086220,69,68.22,-135.01,37.4,3.36
344,bone,0,ID,1536089170,91,-10.32,123.57,77.68,10.78
345,husavik,0,CA,1536088635,76,50.56,-96.99,66.43,16.49
346,mana,40,RS,1536087600,100,43.52,20.24,62.6,2.24
347,san pedro,0,AR,1536089172,55,-33.68,-59.66,69.13,11.56
348,sokolo,32,ML,1536089172,70,14.74,-6.12,83.98,4.74
349,dong xoai,48,VN,1536089172,96,11.53,106.92,72.46,4.41
350,maceio,40,BR,1536087600,65,-9.67,-35.74,78.8,16.11
351,mandalgovi,44,MN,1536089172,66,45.76,106.27,54.46,5.53
352,karakol,0,KG,1536089173,79,42.49,78.39,35.2,3.29
353,grindavik,75,IS,1536087600,93,63.84,-22.43,48.2,6.93
354,komsomolskiy,92,RU,1536088644,88,67.55,63.78,55.36,7.87
355,rawson,32,AR,1536088599,27,-43.3,-65.11,71.11,11.9
356,port moresby,90,PG,1536087600,88,-9.47,147.16,77.0,5.82
357,beyneu,0,KZ,1536089173,31,45.32,55.19,63.37,9.1
358,honningsvag,20,NO,1536087000,87,70.98,25.97,48.2,1.12
359,kota kinabalu,75,MY,1536087600,83,5.98,116.07,77.0,3.36
360,brewster,75,US,1536088500,61,41.76,-70.08,84.92,9.17
361,saint pete beach,20,US,1536088500,74,27.73,-82.74,89.96,5.82
362,santa lucia,20,IT,1536083700,74,39.93,9.66,80.6,4.7
363,longyearbyen,75,NO,1536087000,80,78.22,15.63,41.0,17.22
364,aksu,0,KZ,1536085800,93,52.04,76.93,53.6,4.47
365,ho chi minh city,75,VN,1536087600,94,10.78,106.7,78.8,6.93
366,nantucket,90,US,1536086100,61,41.28,-70.1,84.92,9.17
367,bellegarde-sur-valserine,0,FR,1536087600,56,46.11,5.83,68.0,2.24
368,tateyama,100,JP,1536089176,100,36.66,137.31,64.27,2.39
369,san andres,76,PH,1536089176,100,13.32,122.68,79.66,12.46
370,suntar,0,RU,1536089176,85,62.16,117.65,32.5,2.51
371,pakxan,92,LA,1536089176,99,18.39,103.66,71.74,0.94
372,tazovskiy,44,RU,1536088648,72,67.47,78.7,54.91,22.97
373,palm beach,20,AU,1536087600,87,-33.6,151.32,50.0,5.82
374,valle del guamuez,92,CO,1536089177,99,0.45,-76.92,68.95,2.84
375,derventa,40,BA,1536087600,82,44.98,17.91,66.2,5.82
376,ntcheu,36,MW,1536089177,52,-14.82,34.64,71.74,4.63
377,sann,0,PK,1536084000,66,26.04,68.14,86.0,11.41
378,guadalupe y calvo,56,MX,1536089177,63,26.09,-106.96,71.83,2.17
379,yining,0,CN,1536089178,87,29.04,114.56,67.51,2.17
380,viransehir,0,TR,1536089178,32,37.24,39.76,78.58,5.97
381,bathsheba,20,BB,1536087600,66,13.22,-59.52,86.0,14.99
382,zarubino,0,RU,1536088638,100,42.65,131.06,64.81,8.55
383,tsabong,0,BW,1536089178,17,-26.02,22.4,71.92,8.88
384,koumac,92,NC,1536089178,98,-20.56,164.28,67.96,7.99
385,luanda,20,AO,1536084000,83,-8.83,13.24,71.6,4.7
386,las palmas,75,PE,1536087600,290,-6.53,-76.35,62.6,3.36
387,kalach-na-donu,0,RU,1536085800,29,48.69,43.52,66.2,8.95
388,ketchikan,1,US,1536087360,66,55.34,-131.65,60.08,9.17
389,gorlice,56,PL,1536089180,93,49.66,21.16,62.83,3.4
390,haines junction,32,CA,1536088655,50,60.75,-137.51,43.3,2.62
391,beloha,0,MG,1536089180,54,-25.17,45.06,72.82,6.2
392,tarakan,92,ID,1536089180,100,3.3,117.63,73.99,4.29
393,auki,24,NG,1536088704,86,12.18,6.51,78.94,3.06
394,kopayhorod,76,UA,1536089180,40,48.86,27.8,74.44,9.44
395,kununurra,0,AU,1536087600,68,-15.77,128.74,69.8,5.82
396,gwadar,0,PK,1536089181,98,25.12,62.33,76.51,6.64
397,porto velho,0,BR,1536087600,25,-8.75,-63.87,89.6,5.82
398,kimbe,48,PG,1536089181,100,-5.56,150.15,76.96,3.96
399,nemuro,92,JP,1536089181,91,43.32,145.57,62.65,34.49
400,enid,75,US,1536088500,100,36.4,-97.88,78.8,16.11
401,roald,75,NO,1536087000,82,62.58,6.12,55.4,9.17
402,laredo,75,US,1536086400,49,27.51,-99.51,92.84,9.17
403,tromso,75,NO,1536087000,87,69.65,18.96,48.2,3.36
404,oranjemund,0,ZA,1536089182,98,-28.55,16.43,56.26,12.01
405,waipawa,92,NZ,1536088629,96,-39.94,176.59,47.71,16.71
406,portmore,40,JM,1536087600,70,17.97,-76.87,89.6,23.04
407,saint-georges,0,CA,1536088672,66,46.12,-70.67,68.5,4.07
408,nanfeng,8,CN,1536089183,95,27.22,116.52,74.44,2.28
409,nara,48,JP,1536089183,99,34.68,135.8,69.58,2.73
410,kamenka,0,RU,1536088712,54,53.19,44.05,65.44,8.43
411,puerto el triunfo,40,SV,1536087000,66,13.27,-88.55,89.6,8.05
412,leningradskiy,20,RU,1536088649,91,69.38,178.42,41.68,13.8
413,codrington,92,AU,1536088598,100,-28.95,153.24,51.76,4.41
414,bireun,76,ID,1536089183,100,5.2,96.7,79.75,8.21
415,pueblo,1,US,1536087480,34,38.25,-104.61,84.2,6.93
416,sao paulo de olivenca,68,BR,1536089184,60,-3.38,-68.87,86.5,4.41
417,meulaboh,80,ID,1536088709,100,4.14,96.13,77.86,2.06
418,marystown,100,CA,1536089184,93,47.17,-55.16,65.26,21.07
419,salalah,75,OM,1536087000,88,17.01,54.1,77.0,4.7
420,dalbandin,0,PK,1536089184,14,28.9,64.41,64.63,4.97
421,sibolga,88,ID,1536088603,100,1.74,98.78,68.5,1.16
422,rivadavia,0,AR,1536089185,32,-31.53,-68.59,79.93,7.43
423,alyangula,0,AU,1536088627,100,-13.85,136.42,74.17,8.21
424,thaba-tseka,8,LS,1536089185,34,-29.52,28.61,39.61,4.29
425,cabo san lucas,20,MX,1536086880,62,22.89,-109.91,91.4,11.41
426,ewo,20,CG,1536089185,77,-0.88,14.81,77.5,3.18
427,ugoofaaru,0,MV,1536088615,100,5.67,73.0,83.53,6.64
428,fergus falls,90,US,1536088560,88,46.28,-96.08,75.02,5.82
429,abu samrah,0,SY,1536088640,32,35.3,37.18,82.81,9.66
430,whitehorse,75,CA,1536084000,70,60.72,-135.06,46.4,3.18
431,port hawkesbury,90,CA,1536084000,64,45.62,-61.36,69.8,12.75
432,belmonte,0,PT,1536088643,61,40.36,-7.35,73.54,2.95
433,halifax,75,CA,1536084000,73,44.65,-63.58,73.4,12.75
434,rio branco,40,BR,1536087600,27,-9.98,-67.82,89.6,11.41
435,villemomble,75,FR,1536087600,88,48.88,2.51,64.4,4.7
436,farmington,1,US,1536087180,28,36.73,-108.21,77.0,4.63
437,caravelas,0,BR,1536089187,96,-17.73,-39.27,77.5,23.98
438,kungur,0,RU,1536089187,84,57.43,56.94,48.43,3.18
439,marfino,0,RU,1536085800,72,56.07,37.56,64.4,8.95
440,biak,80,ID,1536089188,100,-0.91,122.88,72.1,3.18
441,quime,0,BO,1536089188,18,-16.98,-67.22,64.09,2.06
442,veraval,90,FR,1536087600,93,49.65,0.71,62.6,9.17
443,ayan,0,TR,1536088688,81,40.67,33.6,60.13,1.61
444,emerald,88,AU,1536089188,85,-23.53,148.16,59.95,11.12
445,chara,0,GR,1536087000,60,39.42,22.43,73.4,2.24
446,portland,1,US,1536087360,52,45.52,-122.67,69.08,3.4
447,balakhta,92,RU,1536089189,100,55.38,91.62,49.06,4.74
448,tres de maio,0,BR,1536089189,83,-27.77,-54.24,63.28,6.98
449,moyeuvre-grande,0,FR,1536087600,68,49.25,6.05,68.0,5.82
450,nichinan,0,JP,1536089189,100,31.65,131.31,73.18,6.98
451,kangaatsiaq,8,GL,1536089190,99,68.31,-53.46,40.51,10.78
452,tindwari,92,IN,1536089190,99,25.62,80.53,74.8,3.74
453,yankton,90,US,1536086640,94,42.87,-97.4,71.6,6.93
454,riverton,1,US,1536087180,27,43.02,-108.38,73.04,13.87
455,madinat sittah uktubar,0,EG,1536087600,52,29.82,31.05,87.8,14.99
456,bafia,80,CM,1536089191,85,4.74,11.22,74.08,4.74
457,swan hill,32,AU,1536089191,78,-35.34,143.56,51.58,12.12
458,port jervis,1,US,1536087360,60,41.38,-74.69,89.96,5.82
459,plouzane,90,FR,1536087600,93,48.38,-4.62,60.8,10.29
460,vila franca do campo,40,PT,1536085800,78,37.72,-25.43,71.6,3.36
461,antofagasta,20,CL,1536087600,55,-23.65,-70.4,64.4,14.99
462,shimabara,20,JP,1536084000,78,32.79,130.33,77.0,10.29
463,raudeberg,0,NO,1536087000,82,61.99,5.14,59.0,6.93
464,cherskiy,88,RU,1536088662,97,68.75,161.3,37.81,2.39
465,kargasok,0,RU,1536089192,85,59.06,80.87,39.79,2.62
466,dumas,32,IN,1536089192,98,21.09,72.71,80.74,17.49
467,tilichiki,92,RU,1536089192,98,60.47,166.1,49.33,2.95
468,staritsa,80,RU,1536089193,68,56.51,34.93,67.15,9.44
469,mount isa,0,AU,1536087600,32,-20.73,139.49,51.8,5.82
470,miguel hidalgo,40,MX,1536086880,46,19.41,-99.19,71.6,5.82
471,san patricio,0,PY,1536088604,66,-26.98,-56.83,68.68,4.18
472,evensk,12,RU,1536088610,100,61.92,159.24,46.63,4.63
473,dalian,0,CN,1536084000,94,19.86,110.11,77.0,4.47
474,otradnoye,75,RU,1536085800,88,59.77,30.8,64.4,8.95
475,colares,75,PT,1536087600,88,38.8,-9.45,69.8,10.29
476,payo,36,ID,1536089194,83,-3.75,103.64,74.08,1.16
477,sakyla,0,FI,1536087000,82,61.03,22.33,60.8,3.36
478,paragominas,0,BR,1536089033,49,-3.0,-47.35,94.6,5.41
479,pinkafeld,75,AT,1536087000,82,47.37,16.12,66.2,4.7
480,la brea,20,TT,1536087600,70,10.24,-61.62,87.8,9.17
481,bartica,40,GY,1536087600,78,6.41,-58.62,80.6,4.7
482,aripuana,0,BR,1536089195,20,-9.17,-60.63,93.88,4.07
483,paamiut,88,GL,1536088618,98,61.99,-49.67,41.95,2.28
484,sao domingos de rana,75,PT,1536087600,88,38.7,-9.33,69.8,10.29
485,sandwick,64,GB,1536087000,81,54.57,-2.89,53.6,4.7
486,banff,44,CA,1536089034,74,51.18,-115.57,43.3,2.28
487,isilkul,92,RU,1536089196,57,54.9,71.26,55.09,6.76
488,noumea,90,NC,1536087600,88,-22.28,166.46,64.4,1.12
489,riihimaki,75,FI,1536087000,93,60.74,24.78,59.0,6.93
490,vila velha,0,BR,1536087600,69,-3.71,-38.6,82.4,14.99
491,ponnani,40,IN,1536087600,83,10.77,75.93,77.0,4.7
492,belaya gora,0,RU,1536089197,86,68.54,146.19,27.91,2.95
493,pitimbu,40,BR,1536087600,65,-7.47,-34.81,80.6,12.75
494,karratha,0,AU,1536088663,21,-20.74,116.85,66.34,14.7
495,spearfish,90,US,1536086100,62,44.49,-103.86,62.6,8.05
496,xiongyue,0,CN,1536089197,50,40.18,122.12,67.33,10.22
497,karabulak,0,KZ,1536089198,70,44.91,78.49,39.16,3.62
498,petropavlovka,12,RU,1536089198,83,50.61,105.32,43.48,6.98
499,gazli,0,UZ,1536088694,25,40.13,63.45,63.91,11.12
500,udachnyy,32,RU,1536088663,63,66.42,112.4,40.51,7.09
501,high level,20,CA,1536084000,61,58.52,-117.13,48.2,5.82
502,lumphat,92,KH,1536089198,99,13.5,106.97,71.83,2.28
503,townsville,0,AU,1536087600,93,-19.26,146.82,62.6,8.99
504,bezhta,0,RU,1536089198,85,42.13,46.13,49.51,0.83
505,roma,40,IT,1536085200,78,41.89,12.48,75.2,4.7
506,caborca,0,MX,1536089199,63,30.58,-111.1,83.71,3.62
507,tsybli,0,UA,1536087600,46,49.99,31.57,71.6,6.71
508,sulechow,0,PL,1536087600,67,52.08,15.63,62.6,6.76
509,mabaruma,68,GY,1536089199,80,8.2,-59.78,85.06,5.75
510,toora-khem,88,RU,1536089200,83,52.47,96.11,37.72,6.2
511,norsup,92,VU,1536089200,100,-16.07,167.38,71.38,6.08
512,san quintin,20,PH,1536084000,94,17.54,120.52,77.0,2.24
513,vestmanna,92,FO,1536087000,100,62.16,-7.17,50.0,13.87
514,lorengau,68,PG,1536088642,100,-2.02,147.27,83.08,5.97
515,prince george,90,CA,1536085380,93,53.92,-122.75,42.8,2.24
516,linxia,92,CN,1536089201,99,35.6,103.21,51.22,1.83
517,tocopilla,24,CL,1536089201,97,-22.09,-70.2,61.66,4.74
518,ondjiva,0,AO,1536089201,49,-17.07,15.73,74.44,3.18
519,general pico,0,AR,1536088679,31,-35.66,-63.75,77.86,18.72
520,riyadh,0,SA,1536087600,11,24.63,46.72,96.8,3.36
521,kirksville,40,US,1536087300,61,40.19,-92.58,87.8,12.75
522,ribeira brava,20,PT,1536087600,69,32.65,-17.07,75.2,10.29
523,san matias,40,HN,1536087600,39,13.97,-86.63,84.2,9.17
524,muisne,92,EC,1536089202,79,0.61,-80.02,79.12,6.98
525,fuling,36,CN,1536089202,89,29.71,107.39,76.15,0.38
526,khora,0,GR,1536087000,61,37.05,21.72,77.0,6.93
527,manono,36,CD,1536089203,59,-7.3,27.4,82.27,3.18
528,saint-pierre,0,FR,1536087600,77,48.95,4.24,69.8,5.82
529,livingstone,0,ZW,1536089203,22,-17.85,25.86,78.58,9.78
530,tevriz,0,RU,1536089204,89,57.51,72.4,40.33,2.39
531,miraflores,76,CO,1536089204,77,5.2,-73.14,60.04,2.62
532,mudgee,0,AU,1536089204,95,-32.6,149.59,45.28,11.01
533,taoudenni,76,ML,1536089205,16,22.68,-3.98,105.67,2.28
534,tual,32,ID,1536088615,97,-5.67,132.75,80.11,13.91
535,caaguazu,0,PY,1536089205,70,-25.45,-56.02,70.12,5.86
536,cachipay,100,CO,1536089205,100,2.22,-76.07,52.93,2.39
537,kiunga,64,PG,1536088639,97,-6.12,141.3,72.46,1.83
538,lumberton,1,US,1536088500,69,30.27,-94.2,86.18,8.05
539,gambela,36,ET,1536089058,89,8.25,34.59,64.9,2.51
540,iqaluit,20,CA,1536084000,78,63.75,-68.52,55.4,9.17
541,lososina,92,RU,1536089206,100,49.0,140.31,58.78,20.74
542,manaus,40,BR,1536087600,62,-3.13,-59.98,87.8,3.36
543,avera,40,US,1536087300,53,33.19,-82.53,93.02,8.05
544,pemba,0,MZ,1536089206,99,-12.97,40.52,78.58,3.4
545,warrington,20,GB,1536087000,72,53.39,-2.59,60.8,9.17
546,xinqing,92,CN,1536089207,97,48.28,129.53,55.36,4.18
547,vardo,1,US,1536087180,54,39.62,-77.74,93.2,3.36
548,qeshm,0,IR,1536085800,70,26.96,56.27,89.6,9.17
